{"name":"Weather App","short_name":"Weather","id":"/","start_url":"/","display":"standalone","background_color":"#ffffff","theme_color":"#000000","icons":[{"src":"/icons/icon-192x192.png","sizes":"192x192","type":"image/png","purpose":"any maskable"},{"src":"/icons/icon-512x512.png","sizes":"512x512","type":"image/png","purpose":"any maskable"}],"screenshots":[{"src":"/screenshots/home-desktop.png","sizes":"1280x720","type":"image/png","form_factor":"wide"},{"src":"/screenshots/home-mobile.png","sizes":"360x640","type":"image/png","form_factor":"narrow"}]}